mean_prediction,std_prediction,entropy,S,mean_prediction_05,std_prediction_05,entropy_five,Age,Credit amount,Duration,Job_0,Job_1,Job_2,Job_3,Housing_free,Housing_own,Housing_rent,Saving accounts_little,Saving accounts_moderate,Saving accounts_quite rich,Saving accounts_rich,Checking account_little,Checking account_moderate,Checking account_rich,Purpose_business,Purpose_car,Purpose_domestic appliances,Purpose_education,Purpose_furniture/equipment,Purpose_radio/TV,Purpose_repairs,Purpose_vacation/others
1.0,0.0,0.0,0,0.0,0.0,0.0,-1.017625218208695,-0.07937699269215527,-0.2722078165754,False,False,True,False,False,True,False,True,False,False,False,True,False,False,False,False,False,False,False,True,False,False
0.652,0.4763360158543546,0.932269191548067,1,0.4797072023641087,0.0,0.9988114767728266,-0.03474817818273565,0.3140110885514943,-0.2722078165754,False,True,False,False,False,True,False,False,True,False,False,True,False,False,False,True,False,False,False,False,False,False
0.649,0.4772829349557765,0.9349579708037453,1,0.47268488446321194,0.0,0.9978460935077742,-0.30280555273527,-0.3653271525877493,0.22928708201164383,False,False,True,False,False,True,False,False,True,False,False,True,False,False,False,True,False,False,False,False,False,False
1.0,0.0,0.0,1,0.0,0.0,0.0,-1.106977676392873,-0.7051615622671373,-0.7737027151624438,False,False,True,False,False,False,True,True,False,False,False,False,False,True,False,False,False,False,False,True,False,False
1.0,0.0,0.0,1,0.0,0.0,0.0,-0.03474817818273565,1.2637623132683053,0.9815294298922096,False,False,False,True,False,True,False,True,False,False,False,False,False,False,False,True,False,False,False,False,False,False
1.0,0.0,0.0,1,0.0,0.0,0.0,2.5564731091584294,-0.345823037635333,0.22928708201164383,False,True,False,False,False,False,True,True,False,False,False,True,False,False,False,False,False,False,False,True,False,False
1.0,0.0,0.0,1,0.0,0.0,0.0,0.5013665709223329,-0.4344180004700373,-1.2751976137494878,False,False,True,False,False,True,False,True,False,False,False,False,False,True,False,False,False,False,True,False,False,False
1.0,0.0,0.0,1,0.0,0.0,0.0,-1.3750350509454072,-0.9405332545742621,-0.7737027151624438,False,False,True,False,False,False,True,True,False,False,False,False,True,False,False,False,False,False,False,True,False,False
1.0,0.0,0.0,1,0.0,0.0,0.0,-0.8389203018403386,0.04855677826691395,-1.0244501644559658,False,False,True,False,False,False,True,False,True,False,False,False,False,False,False,True,False,False,False,False,False,False
1.0,0.0,0.0,1,0.0,0.0,0.0,-0.7495678436561605,1.7133486918324763,0.48003453130516577,False,False,True,False,False,True,False,False,False,False,True,False,False,False,False,True,False,False,False,False,False,False
1.0,0.0,0.0,1,0.0,0.0,0.0,-0.6602153854719823,-0.9739216547470424,-1.2751976137494878,False,True,False,False,False,True,False,True,False,False,False,False,True,False,False,False,False,False,False,True,False,False
0.0,0.0,0.0,1,0.0,0.0,0.0,-0.12410063636691375,0.17682112744551565,1.7337717777727755,False,False,True,False,False,True,False,True,False,False,False,True,False,False,False,False,False,False,False,True,False,False
1.0,0.0,0.0,0,0.0,0.0,0.0,-0.6602153854719823,-0.6790458829240714,0.22928708201164383,False,False,True,False,False,True,False,False,False,True,False,False,False,False,False,False,False,False,False,True,False,False
0.0,0.0,0.0,1,0.0,0.0,0.0,0.054604280001442455,1.2783077549277344,3.238256473533907,False,False,True,False,False,False,True,True,False,False,False,True,False,False,True,False,False,False,False,False,False,False
0.0,0.0,0.0,1,0.0,0.0,0.0,0.5907190291065111,0.9447543314194634,3.238256473533907,False,False,True,False,True,False,False,True,False,False,False,False,True,False,False,False,False,True,False,False,False,False
1.0,0.0,0.0,1,0.0,0.0,0.0,0.5907190291065111,0.23896983271762162,-0.2722078165754,False,False,True,False,False,True,False,True,False,False,False,True,False,False,False,False,False,False,True,False,False,False
1.0,0.0,0.0,1,0.0,0.0,0.0,-1.106977676392873,-0.02053406961537408,-0.5229552658689219,False,False,True,False,False,False,True,False,False,False,True,False,False,False,False,True,False,False,False,False,False,False
1.0,0.0,0.0,0,0.0,0.0,0.0,2.6458255673426074,-0.7709466279541005,-0.2722078165754,True,False,False,False,False,True,False,True,False,False,False,False,False,False,False,False,False,False,False,True,False,False
0.331,0.47057305490221174,0.9159448069797607,0,0.47536827828537326,0.0,0.9982486623975881,-1.017625218208695,-0.43177337471377747,-0.2722078165754,False,False,True,False,False,False,True,True,False,False,False,True,False,False,False,False,False,False,True,False,False,False
1.0,0.0,0.0,0,0.0,0.0,0.0,-0.7495678436561605,0.07037494075605753,-0.5229552658689219,False,True,False,False,False,True,False,True,False,False,False,True,False,False,False,False,False,False,True,False,False,False
0.627,0.483602109176542,0.9529477519400049,1,0.47633601585435464,0.0,0.9983836235543666,-0.03474817818273565,1.7943403556179334,2.235266676359819,False,False,True,False,True,False,False,False,False,False,False,False,False,False,False,True,False,False,False,False,False,False
0.0,0.0,0.0,1,0.0,0.0,0.0,-0.8389203018403386,-0.005327471516880064,-0.0214603672818781,False,False,True,False,False,True,False,True,False,False,False,True,False,False,False,False,False,True,False,False,False,False
1.0,0.0,0.0,1,0.0,0.0,0.0,-0.21345309455109185,0.8726882795613832,-0.2722078165754,False,False,True,False,False,True,False,True,False,False,False,False,False,False,False,False,False,False,False,True,False,False
1.0,0.0,0.0,1,0.0,0.0,0.0,0.5907190291065111,-0.6370624490434467,-1.442362579945169,False,True,False,False,False,True,False,True,False,False,False,False,False,False,False,False,False,False,False,True,False,False
1.0,0.0,0.0,1,0.0,0.0,0.0,-0.21345309455109185,-0.11772406615792279,-1.0244501644559658,False,False,True,False,False,True,False,False,False,False,False,False,False,False,False,False,False,False,False,True,False,False
0.648,0.4775939698111775,0.9358415530325215,1,0.47268488446321194,0.0,0.9978460935077742,-0.48151046910362616,-0.5312774187930536,0.22928708201164383,False,False,False,True,False,True,False,True,False,False,False,True,False,False,False,False,False,False,False,True,False,False
0.366,0.4817094560001911,0.9475511987417433,1,0.4766539625346673,0.0,0.9984267823705413,-1.017625218208695,-0.36598830902681423,1.2322768791857315,False,False,True,False,False,False,True,True,False,False,False,False,True,False,False,False,False,False,False,True,False,False
0.699,0.4586927075940929,0.8825098588399867,1,0.48307245833311585,0.0,0.9991730575050995,-0.21345309455109185,0.9450849096389959,1.7337717777727755,False,False,True,False,False,True,False,True,False,False,False,False,False,True,True,False,False,False,False,False,False,False
1.0,0.0,0.0,1,0.0,0.0,0.0,0.5907190291065111,2.329546493041016,1.2322768791857315,False,False,True,False,True,False,False,False,False,False,False,False,False,False,False,True,False,False,False,False,False,False
1.0,0.0,0.0,1,0.0,0.0,0.0,0.23330919636979866,-0.1887983833574057,-0.7737027151624438,False,False,False,True,False,True,False,False,False,False,False,False,False,False,False,True,False,False,False,False,False,False
1.0,0.0,0.0,1,0.0,0.0,0.0,-1.106977676392873,-0.8423515233731159,-0.6901202320646033,False,False,True,False,False,True,False,True,False,False,False,False,True,False,False,False,False,False,False,True,False,False
1.0,0.0,0.0,0,0.0,0.0,0.0,0.7694239454748673,-0.5121038820601698,-0.7737027151624438,False,True,False,False,False,False,True,True,False,False,False,False,False,True,False,False,False,False,False,True,False,False
1.0,0.0,0.0,1,0.0,0.0,0.0,-0.30280555273527,-0.6281368371160697,-0.2722078165754,False,False,True,False,False,True,False,True,False,False,False,False,False,False,False,True,False,False,False,False,False,False
1.0,0.0,0.0,1,0.0,0.0,0.0,-0.6602153854719823,-0.6965665285592928,-1.2751976137494878,False,False,True,False,False,True,False,False,True,False,False,False,False,True,False,True,False,False,False,False,False,False
1.0,0.0,0.0,1,0.0,0.0,0.0,0.054604280001442455,-0.11607117506026039,1.2322768791857315,False,False,True,False,False,True,False,False,False,False,False,False,False,False,False,True,False,False,False,False,False,False
1.0,0.0,0.0,1,0.0,0.0,0.0,0.054604280001442455,-0.22152562709112109,0.22928708201164383,False,False,True,False,True,False,False,False,False,False,False,False,True,False,False,True,False,False,False,False,False,False
0.0,0.0,0.0,1,0.0,0.0,0.0,-0.48151046910362616,-0.18780664869880825,1.2322768791857315,False,False,True,False,True,False,False,False,True,False,False,False,True,False,False,True,False,False,False,False,False,False
1.0,0.0,0.0,0,0.0,0.0,0.0,1.4842436109482922,-0.42879817073798515,-0.7737027151624438,False,False,False,True,True,False,False,False,False,False,False,False,False,False,False,True,False,False,False,False,False,False
1.0,0.0,0.0,1,0.0,0.0,0.0,0.7694239454748673,0.018143582069925918,-0.10504285037971874,False,False,True,False,False,True,False,False,False,False,False,False,False,False,False,True,False,False,False,False,False,False
0.351,0.47728293495577645,0.9349579708037453,0,0.4760157560417512,0.0,0.9983395596738427,-1.106977676392873,0.9252502164670472,1.2322768791857315,False,True,False,False,False,False,True,True,False,False,False,True,False,False,False,False,False,False,True,False,False,False
1.0,0.0,0.0,1,0.0,0.0,0.0,-0.3921580109194481,0.3447548629680148,1.2322768791857315,False,False,True,False,False,True,False,True,False,False,False,False,False,True,False,False,False,False,False,True,False,False
1.0,0.0,0.0,0,0.0,0.0,0.0,2.288415734605895,-0.46879813530141506,-0.7737027151624438,False,False,True,False,False,True,False,False,False,False,False,False,False,False,False,False,False,True,False,False,False,False
1.0,0.0,0.0,0,0.0,0.0,0.0,-0.8389203018403386,0.10541623202650027,0.22928708201164383,False,False,True,False,False,True,False,True,False,False,False,False,False,True,False,False,False,False,True,False,False,False
1.0,0.0,0.0,0,0.0,0.0,0.0,-0.21345309455109185,-0.1980545735043151,0.7307819805986877,False,False,True,False,False,True,False,True,False,False,False,False,False,False,False,False,False,False,False,True,False,False
1.0,0.0,0.0,1,0.0,0.0,0.0,-0.30280555273527,-0.22648430038410824,-0.0214603672818781,False,False,True,False,False,True,False,False,False,False,True,False,True,False,False,False,False,False,True,False,False,False
1.0,0.0,0.0,1,0.0,0.0,0.0,1.2161862363957578,-0.7167317999507741,-0.7737027151624438,False,True,False,False,False,True,False,False,False,False,False,True,False,False,False,False,False,False,True,False,False,False
1.0,0.0,0.0,1,0.0,0.0,0.0,1.7523009855008265,1.137812011626431,0.22928708201164383,False,False,True,False,False,True,False,True,False,False,False,True,False,False,False,False,False,False,True,False,False,False
1.0,0.0,0.0,0,0.0,0.0,0.0,-0.48151046910362616,-0.8304507074699466,-1.0244501644559658,False,False,True,False,False,True,False,True,False,False,False,False,True,False,False,False,False,False,True,False,False,False
1.0,0.0,0.0,0,0.0,0.0,0.0,-0.8389203018403386,-0.9325993773054826,-0.7737027151624438,True,False,False,False,False,True,False,True,False,False,False,False,False,True,True,False,False,False,False,False,False,False
1.0,0.0,0.0,0,0.0,0.0,0.0,-1.106977676392873,-0.9352440030617424,-1.442362579945169,False,True,False,False,False,False,True,True,False,False,False,False,False,False,False,False,False,False,True,False,False,False
0.338,0.4730285403651666,0.9228919718923306,0,0.47504105085771264,0.0,0.9982018014978791,-1.106977676392873,-0.06483155103272621,0.22928708201164383,False,True,False,False,False,False,True,True,False,False,False,True,False,False,False,False,False,False,True,False,False,False
1.0,0.0,0.0,1,0.0,0.0,0.0,0.054604280001442455,1.0948368430872089,0.7307819805986877,False,False,True,False,False,True,False,False,False,False,False,False,False,False,False,False,False,False,False,True,False,False
1.0,0.0,0.0,0,0.0,0.0,0.0,1.7523009855008265,-0.6040046270901989,0.22928708201164383,False,False,True,False,False,True,False,True,False,False,False,True,False,False,False,False,False,False,False,True,False,False
0.343,0.4747114913292073,0.9276606087330419,1,0.47268488446321194,0.0,0.9978460935077742,-0.7495678436561605,-0.20169093391917237,1.2322768791857315,False,False,True,False,False,True,False,True,False,False,False,False,True,False,False,True,False,False,False,False,False,False
1.0,0.0,0.0,1,0.0,0.0,0.0,0.7694239454748673,-0.5375584049641706,-0.7737027151624438,False,False,True,False,False,True,False,False,True,False,False,False,True,False,False,True,False,False,False,False,False,False
1.0,0.0,0.0,1,0.0,0.0,0.0,0.054604280001442455,-0.5015253790351305,-0.2722078165754,False,False,True,False,False,True,False,False,False,False,True,False,True,False,True,False,False,False,False,False,False,False
1.0,0.0,0.0,1,0.0,0.0,0.0,0.14395673818562058,0.08128402200062933,-1.2751976137494878,False,False,True,False,False,False,True,True,False,False,False,True,False,False,False,True,False,False,False,False,False,False
0.348,0.4763360158543546,0.932269191548067,0,0.47911480878803986,0.0,0.9987410519593742,-0.9282727600245168,-0.7058227187062023,-0.7737027151624438,False,False,True,False,False,False,True,True,False,False,False,False,True,False,False,True,False,False,False,False,False,False
0.366,0.4817094560001911,0.9475511987417433,0,0.4841229182759271,0.0,0.9992725236091167,-1.106977676392873,-0.7372276495617877,-0.7737027151624438,False,False,True,False,False,False,True,False,False,False,False,True,False,False,False,False,False,True,False,False,False,False
1.0,0.0,0.0,1,0.0,0.0,0.0,-0.7495678436561605,-0.769954893295503,-0.7737027151624438,False,False,True,False,False,True,False,True,False,False,False,False,False,False,False,True,False,False,False,False,False,False
1.0,0.0,0.0,0,0.0,0.0,0.0,-1.3750350509454072,0.41153166331357544,-0.7737027151624438,False,False,True,False,False,False,True,False,False,False,False,False,False,False,False,True,False,False,False,False,False,False
0.0,0.0,0.0,1,0.0,0.0,0.0,1.9310059018691828,-0.39838497454099714,1.2322768791857315,False,False,True,False,True,False,False,True,False,False,False,False,True,False,False,True,False,False,False,False,False,False
1.0,0.0,0.0,1,0.0,0.0,0.0,-0.3921580109194481,0.9652501810304771,0.7307819805986877,False,False,True,False,False,True,False,False,False,False,False,True,False,False,False,False,False,False,True,False,False,False
1.0,0.0,0.0,1,0.0,0.0,0.0,1.7523009855008265,-0.6668144888013697,-0.7737027151624438,False,False,True,False,False,True,False,False,False,False,True,False,False,False,False,True,False,False,False,False,False,False
1.0,0.0,0.0,0,0.0,0.0,0.0,-1.106977676392873,-0.7124342830968519,-0.9408676813581252,False,False,True,False,False,True,False,True,False,False,False,False,False,True,False,False,False,False,True,False,False,False
1.0,0.0,0.0,1,0.0,0.0,0.0,-0.5708629272878043,-0.17656698923470399,0.22928708201164383,False,False,True,False,False,True,False,False,True,False,False,False,True,False,False,False,False,False,False,True,False,False
1.0,0.0,0.0,1,0.0,0.0,0.0,1.3055386945799359,-0.39309572302847745,-0.0214603672818781,False,False,True,False,False,True,False,True,False,False,False,False,False,False,False,False,False,False,True,False,False,False
1.0,0.0,0.0,0,0.0,0.0,0.0,-0.7495678436561605,-0.34417014653767064,-0.2722078165754,False,False,True,False,False,True,False,True,False,False,False,True,False,False,False,False,False,False,False,True,False,False
1.0,0.0,0.0,0,0.0,0.0,0.0,-0.48151046910362616,1.5546711464568865,1.2322768791857315,False,False,True,False,False,True,False,True,False,False,False,False,False,False,False,True,False,False,False,False,False,False
1.0,0.0,0.0,1,0.0,0.0,0.0,-0.12410063636691375,-0.1871454922597433,-0.2722078165754,False,True,False,False,False,True,False,True,False,False,False,False,False,True,False,False,False,False,True,False,False,False
1.0,0.0,0.0,1,0.0,0.0,0.0,-0.30280555273527,0.875332905317643,-0.7737027151624438,False,False,True,False,False,True,False,True,False,False,False,False,True,False,False,True,False,False,False,False,False,False
1.0,0.0,0.0,1,0.0,0.0,0.0,0.23330919636979866,-1.01226872821281,-1.2751976137494878,False,False,True,False,False,True,False,False,False,False,False,False,True,False,False,False,False,False,False,True,False,False
1.0,0.0,0.0,0,0.0,0.0,0.0,2.020358360053361,-1.0066488984807578,-0.7737027151624438,False,True,False,False,False,True,False,True,False,False,False,True,False,False,False,False,False,False,False,True,False,False
1.0,0.0,0.0,1,0.0,0.0,0.0,-1.106977676392873,-0.7874755389307244,-0.9408676813581252,False,True,False,False,False,True,False,True,False,False,False,False,True,False,False,False,False,False,False,True,False,False
0.0,0.0,0.0,0,0.0,0.0,0.0,0.7694239454748673,0.9880600781782182,0.22928708201164383,False,False,False,True,True,False,False,True,False,False,False,True,False,False,False,True,False,False,False,False,False,False
1.0,0.0,0.0,1,0.0,0.0,0.0,1.1268337782115798,-0.7954094161995039,0.22928708201164383,False,False,True,False,False,True,False,True,False,False,False,True,False,False,False,False,False,False,False,True,False,False
1.0,0.0,0.0,1,0.0,0.0,0.0,0.8587764036590454,-0.3725998734174638,0.22928708201164383,False,False,True,False,False,True,False,True,False,False,False,True,False,False,False,True,False,False,False,False,False,False
1.0,0.0,0.0,1,0.0,0.0,0.0,-1.017625218208695,-0.9825166884548868,-1.0244501644559658,False,False,True,False,False,True,False,True,False,False,False,False,True,False,False,False,False,False,False,True,False,False
1.0,0.0,0.0,1,0.0,0.0,0.0,2.199063276421717,-0.3914428319308151,-0.7737027151624438,False,False,True,False,False,True,False,True,False,False,False,True,False,False,False,False,False,False,True,False,False,False
1.0,0.0,0.0,1,0.0,0.0,0.0,-0.21345309455109185,-0.89359114740065,-0.7737027151624438,False,True,False,False,False,True,False,False,True,False,False,True,False,False,False,False,False,False,False,True,False,False
1.0,0.0,0.0,0,0.0,0.0,0.0,-0.8389203018403386,-0.6535913600200706,-0.2722078165754,False,False,True,False,False,True,False,True,False,False,False,False,False,False,False,False,False,False,False,True,False,False
1.0,0.0,0.0,0,0.0,0.0,0.0,-0.5708629272878043,-0.416236198395751,-0.7737027151624438,False,False,True,False,False,True,False,True,False,False,False,False,False,False,False,False,False,False,False,True,False,False
1.0,0.0,0.0,1,0.0,0.0,0.0,-0.30280555273527,-0.24235205492166723,-1.0244501644559658,False,False,True,False,False,True,False,True,False,False,False,False,False,False,False,False,False,False,False,True,False,False
1.0,0.0,0.0,1,0.0,0.0,0.0,-1.196330134577051,-0.8010292459315561,-0.7737027151624438,False,False,True,False,False,True,False,False,False,False,True,False,True,False,False,True,False,False,False,False,False,False
1.0,0.0,0.0,1,0.0,0.0,0.0,-0.30280555273527,-0.9021861811084946,-0.7737027151624438,False,False,True,False,False,True,False,True,False,False,False,False,False,False,False,False,False,True,False,False,False,False
1.0,0.0,0.0,0,0.0,0.0,0.0,-1.017625218208695,-0.9269795475734304,-0.7737027151624438,False,True,False,False,False,True,False,True,False,False,False,True,False,False,False,False,False,False,False,True,False,False
0.0,0.0,0.0,1,0.0,0.0,0.0,-1.106977676392873,-0.524004697963339,1.9845192270662972,False,False,True,False,True,False,False,True,False,False,False,True,False,False,False,False,False,False,False,True,False,False
0.0,0.0,0.0,1,0.0,0.0,0.0,-0.7495678436561605,3.503099172381315,3.238256473533907,False,False,False,True,False,True,False,True,False,False,False,False,True,False,False,True,False,False,False,False,False,False
1.0,0.0,0.0,0,0.0,0.0,0.0,-0.9282727600245168,0.773845391921172,0.7307819805986877,False,False,True,False,False,True,False,True,False,False,False,False,False,False,False,False,False,False,False,True,False,False
1.0,0.0,0.0,0,0.0,0.0,0.0,-0.12410063636691375,-0.6297897282137321,0.22928708201164383,False,False,True,False,False,True,False,False,False,False,True,False,False,False,False,True,False,False,False,False,False,False
1.0,0.0,0.0,0,0.0,0.0,0.0,-0.9282727600245168,-0.709789657340592,0.062122115815962546,False,False,True,False,False,False,True,False,False,False,False,False,False,False,False,True,False,False,False,False,False,False
1.0,0.0,0.0,0,0.0,0.0,0.0,-0.5708629272878043,-0.9626819952829381,-1.2751976137494878,False,False,True,False,False,True,False,True,False,False,False,False,False,False,False,False,False,False,False,True,False,False
0.0,0.0,0.0,1,0.0,0.0,0.0,1.5735960691324702,1.2194648318509531,2.235266676359819,False,False,True,False,True,False,False,True,False,False,False,True,False,False,False,False,False,False,True,False,False,False
0.345,0.47536827828537326,0.9295231861792265,1,0.4586927075940929,0.0,0.9950710650549704,-1.017625218208695,-0.13524471179314415,0.22928708201164383,False,True,False,False,False,False,True,True,False,False,False,True,False,False,False,False,False,False,True,False,False,False
1.0,0.0,0.0,1,0.0,0.0,0.0,0.23330919636979866,-0.22450083106691338,2.235266676359819,False,False,True,False,False,True,False,False,False,False,False,False,False,False,False,True,False,False,False,False,False,False
1.0,0.0,0.0,1,0.0,0.0,0.0,-1.106977676392873,-0.9157398881093262,-1.2751976137494878,False,True,False,False,False,False,True,False,False,True,False,False,False,False,False,False,False,False,False,False,True,False
1.0,0.0,0.0,1,0.0,0.0,0.0,-0.7495678436561605,-0.3197073582922672,0.22928708201164383,False,False,True,False,False,True,False,False,True,False,False,False,False,False,False,True,False,False,False,False,False,False
0.643,0.4791148087880398,0.9401647521318284,1,0.4870636508712183,0.0,0.9995170785975505,-0.48151046910362616,-0.39045109727221766,-0.2722078165754,False,False,False,True,False,True,False,False,True,False,False,True,False,False,False,True,False,False,False,False,False,False
0.0,0.0,0.0,1,0.0,0.0,0.0,-0.9282727600245168,3.633346990877112,2.235266676359819,False,False,True,False,False,True,False,True,False,False,False,False,True,False,True,False,False,False,False,False,False,False
0.346,0.4756931784249171,0.9304448940240344,0,0.474379594839407,0.0,0.9981051853739843,-0.21345309455109185,0.17715170566504812,-0.2722078165754,False,False,True,False,False,False,True,True,False,False,False,True,False,False,False,True,False,False,False,False,False,False
1.0,0.0,0.0,1,0.0,0.0,0.0,0.41201411273815486,-0.11673233149932535,0.7307819805986877,False,False,True,False,False,True,False,False,False,False,False,False,False,False,False,False,False,False,False,True,False,False
1.0,0.0,0.0,0,0.0,0.0,0.0,-0.5708629272878043,-0.8168970004691151,-1.0244501644559658,False,False,True,False,False,True,False,True,False,False,False,False,True,False,False,False,False,False,True,False,False,False
1.0,0.0,0.0,0,0.0,0.0,0.0,-0.6602153854719823,-0.8876407394490655,-1.0244501644559658,False,True,False,False,False,True,False,True,False,False,False,False,False,True,False,False,False,False,False,True,False,False
1.0,0.0,0.0,1,0.0,0.0,0.0,-0.03474817818273565,-0.24664957177558944,0.22928708201164383,False,True,False,False,False,True,False,True,False,False,False,False,False,False,False,False,False,False,False,True,False,False
1.0,0.0,0.0,1,0.0,0.0,0.0,1.0374813200274016,-0.6734260531920193,-0.7737027151624438,False,False,True,False,False,True,False,True,False,False,False,False,False,False,False,False,False,True,False,False,False,False
0.674,0.4687472666586974,0.9107872838661832,1,0.4760157560417512,0.0,0.9983395596738427,-0.30280555273527,-0.5124344602797023,-0.2722078165754,False,False,False,True,False,True,False,True,False,False,False,True,False,False,False,False,False,False,False,True,False,False
1.0,0.0,0.0,0,0.0,0.0,0.0,2.824530483710964,-0.7375582277813202,-1.0244501644559658,False,False,False,True,False,True,False,True,False,False,False,False,True,False,False,False,False,True,False,False,False,False
0.342,0.474379594839407,0.9267197214533212,1,0.4779027097642364,0.0,0.9985906332007242,-0.48151046910362616,-0.11937695725558518,0.22928708201164383,False,False,True,False,True,False,False,False,True,False,False,False,True,False,False,False,False,False,True,False,False,False
1.0,0.0,0.0,0,0.0,0.0,0.0,-0.9282727600245168,0.179135174982243,0.22928708201164383,False,False,True,False,False,False,True,True,False,False,False,False,False,False,False,False,False,False,True,False,False,False
0.657,0.4747114913292073,0.9276606087330419,1,0.47093099282166595,0.0,0.9975604492911185,2.913882941895142,3.790371645155039,-1.2751976137494878,False,False,False,True,False,True,False,True,False,False,False,True,False,False,False,True,False,False,False,False,False,False
0.358,0.47941214002150595,0.9410105056689646,1,0.48057881767718397,0.0,0.99891140803853,-0.3921580109194481,-0.3729304516369963,1.2322768791857315,False,False,True,False,False,False,True,True,False,False,False,True,False,False,False,False,False,False,False,True,False,False
1.0,0.0,0.0,1,0.0,0.0,0.0,1.0374813200274016,-0.8922688345225201,-1.1080326475538065,False,True,False,False,False,True,False,True,False,False,False,True,False,False,False,True,False,False,False,False,False,False
0.325,0.4683748498798798,0.9097361225311662,0,0.4782091592598368,0.0,0.9986294651882837,-0.9282727600245168,-0.6602029244107201,-0.5229552658689219,False,False,True,False,False,False,True,True,False,False,False,True,False,False,False,False,False,False,True,False,False,False
1.0,0.0,0.0,1,0.0,0.0,0.0,2.3777681927900733,-0.6916078552663056,-1.2751976137494878,False,False,True,False,False,True,False,False,False,True,False,False,False,False,False,False,True,False,False,False,False,False
1.0,0.0,0.0,0,0.0,0.0,0.0,-0.7495678436561605,-0.7058227187062023,-0.2722078165754,False,False,True,False,False,True,False,True,False,False,False,False,True,False,False,False,False,False,True,False,False,False
0.64,0.48,0.9426831892554921,1,0.47504105085771264,0.0,0.9982018014978791,0.054604280001442455,-0.5150790860359621,-1.2751976137494878,False,False,False,True,True,False,False,True,False,False,False,True,False,False,False,False,False,False,True,False,False,False
1.0,0.0,0.0,1,0.0,0.0,0.0,0.054604280001442455,-0.841690366934051,-0.2722078165754,False,False,True,False,False,True,False,True,False,False,False,False,True,False,False,True,False,False,False,False,False,False
1.0,0.0,0.0,1,0.0,0.0,0.0,1.0374813200274016,-0.2949139918273313,0.22928708201164383,False,True,False,False,False,True,False,True,False,False,False,False,False,False,False,True,False,False,False,False,False,False
1.0,0.0,0.0,1,0.0,0.0,0.0,-0.9282727600245168,-0.10747614135241595,0.22928708201164383,False,False,True,False,False,True,False,False,False,False,False,False,False,False,False,False,False,False,False,True,False,False
1.0,0.0,0.0,1,0.0,0.0,0.0,0.9481288618432235,1.3880597238125172,2.235266676359819,False,False,False,True,False,True,False,False,False,False,False,False,False,False,True,False,False,False,False,False,False,False
1.0,0.0,0.0,1,0.0,0.0,0.0,0.23330919636979866,-0.416236198395751,-0.7737027151624438,False,True,False,False,False,True,False,True,False,False,False,True,False,False,False,True,False,False,False,False,False,False
0.339,0.4733698342733723,0.9238585576022822,1,0.483602109176542,0.0,0.9992240059448647,-1.2856825927612292,-0.21524464092000398,-0.2722078165754,False,False,True,False,False,False,True,True,False,False,False,False,True,False,False,True,False,False,False,False,False,False
1.0,0.0,0.0,1,0.0,0.0,0.0,-0.9282727600245168,-0.7577234991728014,-1.0244501644559658,False,True,False,False,False,True,False,True,False,False,False,True,False,False,False,False,False,False,False,True,False,False
1.0,0.0,0.0,1,0.0,0.0,0.0,-0.7495678436561605,-0.586153403235445,-0.7737027151624438,False,False,True,False,False,True,False,True,False,False,False,True,False,False,False,False,False,False,True,False,False,False
1.0,0.0,0.0,1,0.0,0.0,0.0,2.288415734605895,-0.21921157955439372,-0.0214603672818781,False,True,False,False,False,False,True,False,True,False,False,False,True,False,True,False,False,False,False,False,False,False
1.0,0.0,0.0,1,0.0,0.0,0.0,-0.3921580109194481,-0.4965667057421433,-0.2722078165754,False,True,False,False,False,True,False,True,False,False,False,False,True,False,False,False,False,False,True,False,False,False
0.347,0.4760157560417512,0.9313602262676112,1,0.47941214002150595,0.0,0.9987766527998498,-0.21345309455109185,-0.345823037635333,1.2322768791857315,False,True,False,False,False,False,True,True,False,False,False,False,True,False,False,False,False,False,False,False,True,False
1.0,0.0,0.0,0,0.0,0.0,0.0,0.5013665709223329,-0.7226822079023586,-1.0244501644559658,False,True,False,False,False,False,True,False,False,False,False,False,False,False,False,False,False,True,False,False,False,False
1.0,0.0,0.0,1,0.0,0.0,0.0,0.5907190291065111,-0.03276546373807579,-0.7737027151624438,False,False,True,False,False,True,False,True,False,False,False,False,False,False,False,False,False,False,True,False,False,False
1.0,0.0,0.0,1,0.0,0.0,0.0,1.6629485273166484,-0.6059880964073937,0.22928708201164383,False,False,True,False,True,False,False,True,False,False,False,False,False,False,False,False,False,True,False,False,False,False
0.65,0.47696960070847283,0.9340680553754911,1,0.4756931784249171,0.0,0.9982945771826004,-0.30280555273527,0.14310214905320284,0.22928708201164383,False,False,True,False,True,False,False,True,False,False,False,False,False,False,True,False,False,False,False,False,False,False
1.0,0.0,0.0,1,0.0,0.0,0.0,1.9310059018691828,-0.8995415553522347,-0.7737027151624438,False,True,False,False,False,True,False,True,False,False,False,True,False,False,False,False,False,False,False,True,False,False
1.0,0.0,0.0,1,0.0,0.0,0.0,0.14395673818562058,-0.8687977809357141,-0.5229552658689219,False,False,True,False,False,True,False,True,False,False,False,False,True,False,False,False,False,False,False,True,False,False
1.0,0.0,0.0,0,0.0,0.0,0.0,-0.3921580109194481,-0.5600377238923792,-0.7737027151624438,False,True,False,False,False,True,False,True,False,False,False,False,False,False,False,False,False,False,True,False,False,False
1.0,0.0,0.0,1,0.0,0.0,0.0,0.5013665709223329,-0.9150787316702612,-1.2751976137494878,False,True,False,False,False,True,False,True,False,False,False,True,False,False,False,True,False,False,False,False,False,False
1.0,0.0,0.0,1,0.0,0.0,0.0,-0.8389203018403386,-0.8750787671068313,-1.2751976137494878,False,True,False,False,False,True,False,False,False,False,False,False,False,False,False,True,False,False,False,False,False,False
1.0,0.0,0.0,0,0.0,0.0,0.0,-0.9282727600245168,-0.5273104801586638,-0.0214603672818781,False,False,True,False,False,True,False,True,False,False,False,True,False,False,False,False,False,False,False,True,False,False
1.0,0.0,0.0,0,0.0,0.0,0.0,0.3226616545539768,-0.825822612396492,-1.2751976137494878,False,True,False,False,False,True,False,False,False,False,False,False,True,False,False,False,False,True,False,False,False,False
1.0,0.0,0.0,1,0.0,0.0,0.0,0.054604280001442455,-0.6797070393631365,-1.2751976137494878,False,True,False,False,False,True,False,True,False,False,False,True,False,False,False,False,False,False,True,False,False,False
0.636,0.481148625686492,0.9459534760689117,1,0.47163969298607594,0.0,0.997678014523796,1.3948911527641141,-0.7491284654649569,-1.1080326475538065,False,False,False,True,True,False,False,True,False,False,False,True,False,False,False,False,False,False,False,False,False,True
0.0,0.0,0.0,0,0.0,0.0,0.0,2.020358360053361,0.896820489587254,2.235266676359819,False,True,False,False,True,False,False,True,False,False,False,True,False,False,False,True,False,False,False,False,False,False
1.0,0.0,0.0,1,0.0,0.0,0.0,-0.03474817818273565,-0.7359053366836578,-1.2751976137494878,False,False,True,False,False,False,True,False,True,False,False,False,False,False,False,True,False,False,False,False,False,False
1.0,0.0,0.0,0,0.0,0.0,0.0,-1.017625218208695,-0.9907811439431988,-1.2751976137494878,False,False,True,False,False,False,True,False,False,False,True,False,True,False,False,False,False,True,False,False,False,False
1.0,0.0,0.0,1,0.0,0.0,0.0,1.3055386945799359,-0.6135913954566407,-0.7737027151624438,False,False,True,False,False,True,False,True,False,False,False,False,False,False,False,False,False,False,True,False,False,False
0.33,0.47021271782034996,0.9149263727797275,1,0.4788152044369519,0.0,0.9987046620098639,-0.12410063636691375,0.7834321602876139,1.2322768791857315,False,False,True,False,False,True,False,True,False,False,False,False,True,False,False,True,False,False,False,False,False,False
0.0,0.0,0.0,1,0.0,0.0,0.0,-0.3921580109194481,-0.08896376105859716,0.22928708201164383,False,False,True,False,False,False,True,True,False,False,False,True,False,False,True,False,False,False,False,False,False,False
1.0,0.0,0.0,1,0.0,0.0,0.0,-0.8389203018403386,-0.8340870678848039,-1.1080326475538065,False,False,True,False,False,True,False,True,False,False,False,False,True,False,True,False,False,False,False,False,False,False
1.0,0.0,0.0,0,0.0,0.0,0.0,-0.03474817818273565,0.005581609727691729,-0.7737027151624438,False,True,False,False,False,True,False,False,False,True,False,False,False,False,False,False,False,True,False,False,False,False
1.0,0.0,0.0,1,0.0,0.0,0.0,0.5013665709223329,-0.23739338162868004,1.2322768791857315,False,False,True,False,False,True,False,True,False,False,False,True,False,False,False,False,False,False,True,False,False,False
1.0,0.0,0.0,1,0.0,0.0,0.0,-0.30280555273527,-0.4932609235468185,0.22928708201164383,False,False,True,False,False,True,False,True,False,False,False,True,False,False,False,False,False,False,False,True,False,False
1.0,0.0,0.0,1,0.0,0.0,0.0,-0.21345309455109185,-0.5220212286461441,0.22928708201164383,False,False,True,False,False,True,False,True,False,False,False,False,False,False,False,False,False,False,False,True,False,False
1.0,0.0,0.0,1,0.0,0.0,0.0,0.23330919636979866,0.02706919399730284,0.22928708201164383,False,False,True,False,False,True,False,False,True,False,False,False,True,False,False,True,False,False,False,False,False,False
1.0,0.0,0.0,1,0.0,0.0,0.0,0.5907190291065111,-0.3316081741954365,-0.2722078165754,False,False,True,False,False,True,False,False,False,False,False,False,True,False,True,False,False,False,False,False,False,False
0.652,0.47633601585435464,0.932269191548067,0,0.48,0.0,0.9988455359952018,1.7523009855008265,-0.7405334317571125,-0.2722078165754,True,False,False,False,True,False,False,True,False,False,False,True,False,False,False,False,False,False,False,False,True,False
1.0,0.0,0.0,1,0.0,0.0,0.0,-0.3921580109194481,-0.6228475856035501,-0.9408676813581252,False,True,False,False,False,True,False,True,False,False,False,False,False,False,False,True,False,False,False,False,False,False
1.0,0.0,0.0,0,0.0,0.0,0.0,-0.12410063636691375,-0.13656702467127407,-0.7737027151624438,False,False,False,True,False,False,True,True,False,False,False,False,True,False,False,False,False,False,True,False,False,False
1.0,0.0,0.0,1,0.0,0.0,0.0,-1.196330134577051,-1.042681924409798,-1.0244501644559658,False,True,False,False,False,False,True,True,False,False,False,False,True,False,False,True,False,False,False,False,False,False
1.0,0.0,0.0,0,0.0,0.0,0.0,0.23330919636979866,-0.8278060817136869,-0.7737027151624438,True,False,False,False,False,True,False,True,False,False,False,False,False,False,False,True,False,False,False,False,False,False
1.0,0.0,0.0,1,0.0,0.0,0.0,-0.7495678436561605,-0.6740872096310843,-1.0244501644559658,False,False,True,False,False,True,False,True,False,False,False,False,True,False,True,False,False,False,False,False,False,False
1.0,0.0,0.0,1,0.0,0.0,0.0,0.6800714872906892,0.2072343236425037,0.22928708201164383,False,False,True,False,False,True,False,True,False,False,False,False,True,False,False,False,False,False,True,False,False,False
1.0,0.0,0.0,0,0.0,0.0,0.0,-0.30280555273527,-0.8261531906160244,-1.2751976137494878,False,True,False,False,False,True,False,False,True,False,False,False,True,False,False,True,False,False,False,False,False,False
1.0,0.0,0.0,0,0.0,0.0,0.0,-0.3921580109194481,-0.1749140981370416,-0.9408676813581252,False,False,True,False,False,False,True,False,False,False,False,False,False,False,False,True,False,False,False,False,False,False
0.349,0.4766539625346673,0.9331717984240897,1,0.4756931784249171,0.0,0.9982945771826004,0.41201411273815486,-0.9078060108405467,-0.7737027151624438,False,True,False,False,False,False,True,True,False,False,False,True,False,False,False,False,False,True,False,False,False,False
0.0,0.0,0.0,1,0.0,0.0,0.0,1.3055386945799359,1.3374812562240481,2.235266676359819,False,False,False,True,True,False,False,True,False,False,False,True,False,False,False,False,False,True,False,False,False,False
1.0,0.0,0.0,0,0.0,0.0,0.0,-1.3750350509454072,-0.39970728741912703,-0.5229552658689219,False,False,True,False,False,False,True,False,False,True,False,False,False,False,False,False,False,False,True,False,False,False
1.0,0.0,0.0,1,0.0,0.0,0.0,0.6800714872906892,0.4670688041950319,-0.7737027151624438,False,False,True,False,False,False,True,True,False,False,False,True,False,False,False,True,False,False,False,False,False,False
1.0,0.0,0.0,1,0.0,0.0,0.0,0.6800714872906892,-0.30251729087657836,-0.2722078165754,False,False,True,False,False,True,False,True,False,False,False,False,False,False,False,False,False,False,True,False,False,False
1.0,0.0,0.0,1,0.0,0.0,0.0,-0.3921580109194481,0.07301956651231736,-0.7737027151624438,False,False,True,False,False,True,False,False,False,False,True,True,False,False,False,True,False,False,False,False,False,False
1.0,0.0,0.0,1,0.0,0.0,0.0,-0.5708629272878043,-0.640037653019239,-1.442362579945169,False,True,False,False,False,True,False,False,False,False,False,False,False,True,False,True,False,False,False,False,False,False
0.34,0.4737087712930805,0.9248187049730301,1,0.46984997605618756,0.0,0.9973755194996607,0.41201411273815486,0.6449198863035054,2.235266676359819,True,False,False,False,True,False,False,False,False,False,False,False,True,False,False,False,False,False,False,False,False,True
1.0,0.0,0.0,1,0.0,0.0,0.0,0.14395673818562058,-0.010286144809867243,-0.7737027151624438,False,False,False,True,False,True,False,False,False,False,False,False,False,True,False,False,False,False,False,True,False,False
1.0,0.0,0.0,1,0.0,0.0,0.0,0.7694239454748673,-0.6453269045317587,-0.5229552658689219,False,False,True,False,False,True,False,True,False,False,False,True,False,False,False,False,False,False,True,False,False,False
1.0,0.0,0.0,1,0.0,0.0,0.0,-0.3921580109194481,-0.6549136728982006,-1.2751976137494878,False,False,True,False,False,True,False,False,True,False,False,False,True,False,True,False,False,False,False,False,False,False
1.0,0.0,0.0,1,0.0,0.0,0.0,1.1268337782115798,-0.5577236763556518,0.22928708201164383,False,True,False,False,False,True,False,True,False,False,False,False,True,False,False,False,False,False,False,True,False,False
1.0,0.0,0.0,1,0.0,0.0,0.0,1.4842436109482922,-0.11673233149932535,-0.7737027151624438,False,False,True,False,False,True,False,True,False,False,False,False,False,False,False,False,False,False,False,True,False,False
1.0,0.0,0.0,1,0.0,0.0,0.0,-1.2856825927612292,-0.5501203773064048,-1.2751976137494878,False,False,True,False,False,False,True,True,False,False,False,False,False,False,False,False,False,False,True,False,False,False
1.0,0.0,0.0,1,0.0,0.0,0.0,-1.017625218208695,-0.4628477273498305,-1.0244501644559658,False,False,True,False,False,True,False,False,False,False,False,False,True,False,False,False,False,False,True,False,False,False
1.0,0.0,0.0,0,0.0,0.0,0.0,1.9310059018691828,-0.7524342476602818,-0.8572851982602845,False,True,False,False,False,True,False,False,True,False,False,False,False,False,False,False,False,False,False,True,False,False
1.0,0.0,0.0,0,0.0,0.0,0.0,-1.017625218208695,0.2783086408419866,-0.10504285037971874,False,False,True,False,False,True,False,True,False,False,False,True,False,False,False,False,False,False,True,False,False,False
0.0,0.0,0.0,1,0.0,0.0,0.0,-1.017625218208695,0.7156636252834557,4.241246270707995,False,False,True,False,False,True,False,False,True,False,False,False,True,False,False,False,False,False,False,True,False,False
1.0,0.0,0.0,1,0.0,0.0,0.0,0.3226616545539768,-0.4324345311528424,-0.7737027151624438,False,True,False,False,False,False,True,True,False,False,False,True,False,False,False,True,False,False,False,False,False,False
1.0,0.0,0.0,1,0.0,0.0,0.0,-0.7495678436561605,0.23434173764416694,0.22928708201164383,False,True,False,False,False,True,False,False,True,False,False,False,False,False,True,False,False,False,False,False,False,False
1.0,0.0,0.0,1,0.0,0.0,0.0,0.054604280001442455,-0.8542523392762851,-1.1916151306516471,False,False,True,False,True,False,False,False,False,False,False,False,False,False,False,False,False,False,False,True,False,False
1.0,0.0,0.0,0,0.0,0.0,0.0,-0.3921580109194481,-0.6274756806770048,-0.5229552658689219,False,False,True,False,False,True,False,False,True,False,False,False,False,False,False,False,False,True,False,False,False,False
1.0,0.0,0.0,1,0.0,0.0,0.0,-0.03474817818273565,0.1804574878603729,-0.0214603672818781,False,False,True,False,False,True,False,False,False,False,False,False,True,False,False,False,False,False,True,False,False,False
1.0,0.0,0.0,1,0.0,0.0,0.0,2.7351780255267855,-0.8806985968388834,-0.7737027151624438,False,True,False,False,False,True,False,False,False,True,False,False,True,False,False,False,False,False,False,True,False,False
1.0,0.0,0.0,1,0.0,0.0,0.0,-1.106977676392873,-0.7220210514632937,0.22928708201164383,False,True,False,False,False,True,False,True,False,False,False,False,True,False,False,True,False,False,False,False,False,False
1.0,0.0,0.0,1,0.0,0.0,0.0,0.054604280001442455,-0.62416989848168,-0.7737027151624438,False,False,True,False,False,True,False,True,False,False,False,False,False,False,True,False,False,False,False,False,False,False
1.0,0.0,0.0,1,0.0,0.0,0.0,-0.3921580109194481,-0.8268143470550894,0.22928708201164383,False,False,True,False,False,True,False,False,False,False,False,False,False,False,False,False,False,False,True,False,False,False
1.0,0.0,0.0,1,0.0,0.0,0.0,-0.21345309455109185,-0.13260008603688433,-0.5229552658689219,False,False,True,False,False,True,False,True,False,False,False,False,False,False,False,True,False,False,False,False,False,False
1.0,0.0,0.0,1,0.0,0.0,0.0,0.6800714872906892,-0.6271451024574723,-0.2722078165754,False,True,False,False,False,True,False,True,False,False,False,False,False,False,False,False,False,False,True,False,False,False
0.0,0.0,0.0,1,0.0,0.0,0.0,0.23330919636979866,1.0746715716957276,2.235266676359819,False,False,True,False,True,False,False,False,False,False,False,False,True,False,True,False,False,False,False,False,False,False
1.0,0.0,0.0,1,0.0,0.0,0.0,0.5013665709223329,-0.8403680540559211,-0.7737027151624438,False,True,False,False,False,True,False,True,False,False,False,False,True,False,False,True,False,False,False,False,False,False
1.0,0.0,0.0,1,0.0,0.0,0.0,0.41201411273815486,0.28657309633029854,-0.2722078165754,False,False,False,True,False,True,False,True,False,False,False,False,True,False,False,False,False,False,True,False,False,False
1.0,0.0,0.0,1,0.0,0.0,0.0,2.7351780255267855,-0.5031782701327928,0.7307819805986877,False,False,False,True,False,True,False,True,False,False,False,False,False,True,True,False,False,False,False,False,False,False
1.0,0.0,0.0,1,0.0,0.0,0.0,-0.8389203018403386,-0.06450097281319374,0.22928708201164383,False,False,False,True,False,True,False,False,False,True,False,False,False,False,False,False,False,False,False,True,False,False
0.0,0.0,0.0,0,0.0,0.0,0.0,-1.017625218208695,1.3150019372958395,3.238256473533907,False,False,False,True,False,True,False,False,True,False,False,False,True,False,False,True,False,False,False,False,False,False
0.0,0.0,0.0,1,0.0,0.0,0.0,-1.2856825927612292,1.0373162328885575,0.22928708201164383,False,True,False,False,False,True,False,True,False,False,False,True,False,False,True,False,False,False,False,False,False,False
0.34,0.4737087712930805,0.9248187049730301,0,0.47268488446321194,0.0,0.9978460935077742,-1.196330134577051,0.06673858034120027,0.22928708201164383,False,False,True,False,False,False,True,True,False,False,False,True,False,False,False,True,False,False,False,False,False,False
1.0,0.0,0.0,1,0.0,0.0,0.0,0.3226616545539768,1.985414566507706,2.736761574946863,False,True,False,False,False,True,False,False,False,False,False,False,False,False,False,True,False,False,False,False,False,False
0.0,0.0,0.0,1,0.0,0.0,0.0,2.4671206509742514,1.1259111957232617,3.238256473533907,False,False,True,False,False,True,False,True,False,False,False,True,False,False,True,False,False,False,False,False,False,False
1.0,0.0,0.0,1,0.0,0.0,0.0,-0.21345309455109185,-0.3673106219049441,-0.0214603672818781,False,False,True,False,False,False,True,True,False,False,False,False,False,True,False,False,False,True,False,False,False,False
1.0,0.0,0.0,1,0.0,0.0,0.0,1.3055386945799359,-0.7253268336586185,-1.2751976137494878,False,False,True,False,False,False,True,False,False,True,False,False,False,False,False,True,False,False,False,False,False,False
1.0,0.0,0.0,0,0.0,0.0,0.0,-0.5708629272878043,0.5199613193202285,-0.0214603672818781,False,False,True,False,False,True,False,False,False,False,False,False,False,False,False,True,False,False,False,False,False,False
1.0,0.0,0.0,0,0.0,0.0,0.0,-1.2856825927612292,-0.841029210494986,-0.7737027151624438,False,False,True,False,False,True,False,False,False,False,False,False,False,False,False,False,False,False,False,True,False,False
0.347,0.4760157560417512,0.9313602262676112,0,0.4817094560001911,0.0,0.9990344946577415,-1.106977676392873,-0.6572277204349278,0.22928708201164383,False,False,True,False,False,False,True,True,False,False,False,True,False,False,False,True,False,False,False,False,False,False
1.0,0.0,0.0,1,0.0,0.0,0.0,-0.30280555273527,-0.14945957523304074,-1.2751976137494878,False,False,True,False,False,True,False,False,False,True,False,False,False,False,False,False,False,False,True,False,False,False
1.0,0.0,0.0,1,0.0,0.0,0.0,-0.21345309455109185,-0.354087493123645,0.22928708201164383,False,False,True,False,False,True,False,False,True,False,False,True,False,False,False,False,False,False,True,False,False,False
1.0,0.0,0.0,1,0.0,0.0,0.0,-1.3750350509454072,-0.14350916728145613,0.22928708201164383,False,False,True,False,False,True,False,False,False,False,False,True,False,False,False,False,False,False,True,False,False,False
1.0,0.0,0.0,1,0.0,0.0,0.0,-0.03474817818273565,0.1156641568320071,-0.2722078165754,False,False,False,True,False,True,False,True,False,False,False,False,False,False,False,False,False,False,True,False,False,False
1.0,0.0,0.0,1,0.0,0.0,0.0,1.1268337782115798,0.581779446372802,0.48003453130516577,False,False,True,False,False,True,False,False,False,False,False,False,False,False,False,False,False,False,False,False,True,False
0.648,0.4775939698111775,0.9358415530325215,0,0.4730285403651665,0.0,0.9978999760372158,-0.48151046910362616,0.4512010496574729,1.2322768791857315,False,False,False,True,False,True,False,True,False,False,False,False,True,False,False,False,False,False,False,True,False,False
1.0,0.0,0.0,1,0.0,0.0,0.0,0.9481288618432235,-0.9035084939866245,-0.7737027151624438,False,False,True,False,False,True,False,True,False,False,False,True,False,False,False,True,False,False,False,False,False,False
1.0,0.0,0.0,1,0.0,0.0,0.0,0.054604280001442455,0.24293677135201136,-0.2722078165754,False,False,True,False,False,True,False,True,False,False,False,False,False,False,True,False,False,False,False,False,False,False
0.0,0.0,0.0,1,0.0,0.0,0.0,-1.196330134577051,0.1794657532017755,-0.6065377489667626,False,False,True,False,True,False,False,True,False,False,False,True,False,False,False,True,False,False,False,False,False,False
1.0,0.0,0.0,0,0.0,0.0,0.0,-0.48151046910362616,-0.5177237117922219,-0.2722078165754,False,False,True,False,False,True,False,False,True,False,False,False,False,False,False,False,False,True,False,False,False,False
1.0,0.0,0.0,0,0.0,0.0,0.0,1.3055386945799359,-0.787806117150257,-1.2751976137494878,False,True,False,False,False,True,False,True,False,False,False,False,False,True,False,False,False,True,False,False,False,False
1.0,0.0,0.0,0,0.0,0.0,0.0,-1.196330134577051,-0.9907811439431988,-0.2722078165754,False,False,True,False,False,False,True,True,False,False,False,False,False,False,False,False,False,False,False,True,False,False
0.305,0.460407428263272,0.8873172562752067,1,0.48226133993924913,0.0,0.9990918924288104,-0.7495678436561605,0.09285425968426608,1.2322768791857315,False,False,True,False,False,True,False,False,False,False,False,False,True,False,False,False,False,True,False,False,False,False
1.0,0.0,0.0,0,0.0,0.0,0.0,-0.9282727600245168,-0.7352441802445928,-1.0244501644559658,False,False,True,False,False,True,False,True,False,False,False,False,True,False,False,False,False,False,False,True,False,False
1.0,0.0,0.0,1,0.0,0.0,0.0,-0.21345309455109185,-0.6238393202621475,-1.2751976137494878,False,False,True,False,False,True,False,False,False,False,True,False,False,False,False,False,False,False,True,False,False,False
1.0,0.0,0.0,0,0.0,0.0,0.0,0.14395673818562058,-0.016567130980984338,-1.442362579945169,False,False,True,False,False,True,False,True,False,False,False,False,False,False,False,True,False,False,False,False,False,False
1.0,0.0,0.0,0,0.0,0.0,0.0,1.9310059018691828,-0.718054112828904,0.22928708201164383,False,True,False,False,False,True,False,False,False,True,False,False,False,True,False,False,False,False,False,True,False,False
1.0,0.0,0.0,0,0.0,0.0,0.0,-0.6602153854719823,-0.4486328639099339,-0.7737027151624438,False,False,True,False,False,True,False,False,True,False,False,False,False,False,False,False,False,False,False,True,False,False
1.0,0.0,0.0,0,0.0,0.0,0.0,-0.6602153854719823,-0.27243467289912277,-0.0214603672818781,False,False,False,True,False,False,True,True,False,False,False,True,False,False,False,False,False,False,False,True,False,False
1.0,0.0,0.0,1,0.0,0.0,0.0,1.2161862363957578,-0.4410295648606869,-0.7737027151624438,False,True,False,False,False,True,False,True,False,False,False,False,False,False,False,False,False,True,False,False,False,False
1.0,0.0,0.0,1,0.0,0.0,0.0,2.288415734605895,-0.7190458474875013,-0.7737027151624438,False,True,False,False,False,True,False,True,False,False,False,False,False,False,False,True,False,False,False,False,False,False
1.0,0.0,0.0,0,0.0,0.0,0.0,-1.106977676392873,-0.7253268336586185,-1.0244501644559658,False,False,True,False,False,False,True,True,False,False,False,False,False,False,False,False,True,False,False,False,False,False
1.0,0.0,0.0,1,0.0,0.0,0.0,0.054604280001442455,-0.7114425484382544,0.22928708201164383,False,False,False,True,False,True,False,True,False,False,False,False,False,False,False,False,False,False,False,True,False,False
1.0,0.0,0.0,0,0.0,0.0,0.0,3.5393501491843886,-0.6797070393631365,-1.2751976137494878,False,False,False,True,False,True,False,False,False,False,False,True,False,False,False,True,False,False,False,False,False,False
1.0,0.0,0.0,1,0.0,0.0,0.0,0.14395673818562058,0.171531875932996,-0.9408676813581252,False,True,False,False,False,True,False,True,False,False,False,False,False,True,False,True,False,False,False,False,False,False
1.0,0.0,0.0,1,0.0,0.0,0.0,1.3055386945799359,-0.34383956831813817,-0.7737027151624438,False,False,True,False,False,True,False,False,False,False,False,False,False,False,False,True,False,False,False,False,False,False
1.0,0.0,0.0,1,0.0,0.0,0.0,-0.8389203018403386,-0.7368970713422552,0.22928708201164383,False,False,True,False,False,True,False,True,False,False,False,False,True,False,False,True,False,False,False,False,False,False
1.0,0.0,0.0,0,0.0,0.0,0.0,-1.017625218208695,-0.2122694369442117,-0.5229552658689219,False,False,True,False,False,True,False,True,False,False,False,False,False,False,False,False,False,False,True,False,False,False
1.0,0.0,0.0,1,0.0,0.0,0.0,1.9310059018691828,-0.7160706435117091,-0.7737027151624438,False,True,False,False,False,False,True,False,False,False,False,False,False,False,True,False,False,False,False,False,False,False
1.0,0.0,0.0,1,0.0,0.0,0.0,-0.7495678436561605,0.19500292951980197,0.22928708201164383,False,False,True,False,False,True,False,True,False,False,False,True,False,False,False,False,False,False,True,False,False,False
1.0,0.0,0.0,1,0.0,0.0,0.0,1.3948911527641141,-0.30516191663283815,-1.0244501644559658,False,True,False,False,True,False,False,False,False,True,False,False,False,False,False,True,False,False,False,False,False,False
1.0,0.0,0.0,1,0.0,0.0,0.0,-0.03474817818273565,-0.3415255207814108,0.22928708201164383,False,False,True,False,False,True,False,False,False,True,False,False,False,False,False,False,False,False,False,True,False,False
0.655,0.47536827828537326,0.9295231861792265,1,0.48057881767718397,0.0,0.99891140803853,0.054604280001442455,0.16029221646889172,0.48003453130516577,False,False,True,False,False,True,False,True,False,False,False,False,True,False,True,False,False,False,False,False,False,False
1.0,0.0,0.0,0,0.0,0.0,0.0,-1.017625218208695,2.697480051380665,2.235266676359819,False,True,False,False,False,False,True,False,True,False,False,False,False,False,False,True,False,False,False,False,False,False
0.0,0.0,0.0,1,0.0,0.0,0.0,0.8587764036590454,1.4716960133542343,1.7337717777727755,False,False,True,False,True,False,False,True,False,False,False,True,False,False,False,False,False,False,True,False,False,False
1.0,0.0,0.0,1,0.0,0.0,0.0,0.23330919636979866,-0.6397070747997066,-0.7737027151624438,False,True,False,False,False,True,False,True,False,False,False,False,False,False,False,True,False,False,False,False,False,False
1.0,0.0,0.0,1,0.0,0.0,0.0,1.6629485273166484,-0.38846762795502277,0.22928708201164383,False,False,True,False,False,True,False,False,False,False,False,False,False,False,False,True,False,False,False,False,False,False
1.0,0.0,0.0,1,0.0,0.0,0.0,-0.03474817818273565,-0.6218558509449527,-1.0244501644559658,True,False,False,False,False,True,False,False,False,False,False,False,True,False,False,True,False,False,False,False,False,False
1.0,0.0,0.0,0,0.0,0.0,0.0,-1.017625218208695,0.45649030116999256,0.7307819805986877,False,True,False,False,False,False,True,False,False,False,False,False,False,False,False,True,False,False,False,False,False,False
1.0,0.0,0.0,1,0.0,0.0,0.0,-0.03474817818273565,-0.6678062234599672,-0.6065377489667626,False,False,True,False,False,True,False,False,False,True,False,False,True,False,True,False,False,False,False,False,False,False
1.0,0.0,0.0,1,0.0,0.0,0.0,3.4499976910002106,0.005912187947224208,-1.3587800968473283,False,True,False,False,False,True,False,True,False,False,False,False,False,False,True,False,False,False,False,False,False,False
1.0,0.0,0.0,1,0.0,0.0,0.0,1.3948911527641141,0.4432671723886934,-0.8572851982602845,False,False,True,False,False,True,False,True,False,False,False,False,True,False,False,False,False,False,False,True,False,False
1.0,0.0,0.0,1,0.0,0.0,0.0,1.4842436109482922,-0.3686329347830741,-0.9408676813581252,False,True,False,False,False,True,False,True,False,False,False,True,False,False,False,False,False,False,False,True,False,False
0.0,0.0,0.0,1,0.0,0.0,0.0,-0.8389203018403386,0.44888700212074556,2.235266676359819,False,False,True,False,False,True,False,True,False,False,False,True,False,False,False,True,False,False,False,False,False,False
1.0,0.0,0.0,0,0.0,0.0,0.0,-1.017625218208695,-0.6155748647738356,-0.2722078165754,False,True,False,False,False,False,True,False,True,False,False,False,False,False,True,False,False,False,False,False,False,False
1.0,0.0,0.0,1,0.0,0.0,0.0,-0.12410063636691375,-0.6152442865543031,-0.5229552658689219,False,True,False,False,False,True,False,False,True,False,False,False,False,False,False,False,False,False,False,True,False,False
0.0,0.0,0.0,1,0.0,0.0,0.0,-0.7495678436561605,0.8488866477550446,1.5666068115770941,False,False,True,False,False,True,False,True,False,False,False,True,False,False,False,False,False,True,False,False,False,False
1.0,0.0,0.0,1,0.0,0.0,0.0,-0.5708629272878043,-0.7474755743672945,-0.2722078165754,False,False,True,False,False,True,False,False,False,False,False,False,False,False,False,False,False,False,False,True,False,False
1.0,0.0,0.0,1,0.0,0.0,0.0,0.9481288618432235,-0.7296243505125407,-0.7737027151624438,False,False,True,False,False,False,True,True,False,False,False,False,True,False,False,True,False,False,False,False,False,False
1.0,0.0,0.0,1,0.0,0.0,0.0,-0.6602153854719823,-0.2549140272639014,-0.2722078165754,False,False,True,False,False,True,False,False,False,False,True,True,False,False,False,False,False,False,True,False,False,False
1.0,0.0,0.0,1,0.0,0.0,0.0,0.054604280001442455,-0.902516759328027,-1.2751976137494878,False,False,True,False,True,False,False,False,False,False,False,False,False,False,False,False,False,False,False,True,False,False
1.0,0.0,0.0,1,0.0,0.0,0.0,-0.30280555273527,-0.19243474377226297,-0.9408676813581252,False,False,True,False,False,True,False,False,True,False,False,False,False,False,False,True,False,False,False,False,False,False
1.0,0.0,0.0,0,0.0,0.0,0.0,-1.196330134577051,-0.6823516651193963,-1.0244501644559658,False,False,True,False,False,False,True,True,False,False,False,True,False,False,False,False,False,False,False,True,False,False
1.0,0.0,0.0,1,0.0,0.0,0.0,-0.03474817818273565,1.8594642648658317,1.2322768791857315,False,True,False,False,True,False,False,False,False,False,False,False,False,False,False,False,False,True,False,False,False,False
0.332,0.47093099282166595,0.9169567260822411,1,0.48488761584515644,0.0,0.9993409222547707,-1.2856825927612292,-0.477062590789727,0.22928708201164383,False,True,False,False,False,False,True,True,False,False,False,True,False,False,False,False,False,False,False,True,False,False
1.0,0.0,0.0,1,0.0,0.0,0.0,2.4671206509742514,-0.1673107990877946,0.22928708201164383,False,False,True,False,False,True,False,True,False,False,False,True,False,False,False,True,False,False,False,False,False,False
1.0,0.0,0.0,1,0.0,0.0,0.0,-0.12410063636691375,-0.26714542138660313,-0.2722078165754,False,False,True,False,False,True,False,False,True,False,False,False,True,False,True,False,False,False,False,False,False,False
1.0,0.0,0.0,1,0.0,0.0,0.0,0.054604280001442455,0.9500435829319831,1.2322768791857315,False,False,True,False,False,True,False,False,False,False,False,False,False,False,True,False,False,False,False,False,False,False
1.0,0.0,0.0,1,0.0,0.0,0.0,-0.8389203018403386,0.34144908077269,1.2322768791857315,False,False,False,True,False,True,False,True,False,False,False,False,False,False,False,False,False,False,False,True,False,False
1.0,0.0,0.0,1,0.0,0.0,0.0,0.14395673818562058,1.315332515515372,1.2322768791857315,False,False,True,False,False,True,False,False,False,False,False,False,False,False,True,False,False,False,False,False,False,False
1.0,0.0,0.0,1,0.0,0.0,0.0,1.6629485273166484,-0.8968969295959749,0.22928708201164383,False,False,True,False,False,True,False,False,False,False,False,False,False,False,False,True,False,False,False,False,False,False
1.0,0.0,0.0,1,0.0,0.0,0.0,0.3226616545539768,-0.40268249139491935,-0.10504285037971874,False,False,True,False,False,True,False,False,False,False,False,True,False,False,False,False,False,False,True,False,False,False
1.0,0.0,0.0,1,0.0,0.0,0.0,0.7694239454748673,-0.6205335380668228,-0.2722078165754,False,False,True,False,False,True,False,True,False,False,False,True,False,False,False,False,False,False,True,False,False,False
0.0,0.0,0.0,0,0.0,0.0,0.0,0.23330919636979866,3.1556614636526805,-0.2722078165754,False,False,False,True,True,False,False,True,False,False,False,False,True,False,False,True,False,False,False,False,False,False
1.0,0.0,0.0,1,0.0,0.0,0.0,-0.8389203018403386,-0.4945832364249484,-0.7737027151624438,False,False,True,False,False,True,False,True,False,False,False,False,False,False,False,False,False,False,False,True,False,False
1.0,0.0,0.0,0,0.0,0.0,0.0,-1.106977676392873,0.2812838448177789,0.9815294298922096,False,False,True,False,False,True,False,False,False,True,False,True,False,False,False,False,False,False,True,False,False,False
1.0,0.0,0.0,1,0.0,0.0,0.0,0.6800714872906892,-0.2661536867280057,-0.4393727827710813,False,False,True,False,False,False,True,True,False,False,False,True,False,False,False,True,False,False,False,False,False,False
1.0,0.0,0.0,0,0.0,0.0,0.0,0.3226616545539768,-0.9137564187921313,-1.2751976137494878,False,True,False,False,False,True,False,False,False,False,True,True,False,False,False,True,False,False,False,False,False,False
1.0,0.0,0.0,0,0.0,0.0,0.0,-1.106977676392873,0.019135316728523352,0.22928708201164383,False,False,True,False,False,True,False,False,True,False,False,False,False,False,False,True,False,False,False,False,False,False
0.0,0.0,0.0,1,0.0,0.0,0.0,-0.6602153854719823,0.596324888032231,0.7307819805986877,False,False,False,True,False,True,False,True,False,False,False,False,True,False,False,True,False,False,False,False,False,False
1.0,0.0,0.0,0,0.0,0.0,0.0,-0.6602153854719823,-0.6770624136068766,-1.2751976137494878,False,False,True,False,False,True,False,True,False,False,False,False,False,False,False,False,False,False,False,True,False,False
1.0,0.0,0.0,0,0.0,0.0,0.0,-0.6602153854719823,-0.026815055786491175,1.2322768791857315,False,False,False,True,False,True,False,True,False,False,False,False,False,False,False,False,False,False,True,False,False,False
1.0,0.0,0.0,1,0.0,0.0,0.0,1.0374813200274016,-0.7329301327078654,-0.5229552658689219,False,False,True,False,False,True,False,False,False,True,False,False,False,False,False,False,False,False,False,True,False,False
1.0,0.0,0.0,0,0.0,0.0,0.0,-1.106977676392873,-0.8575581214716099,-0.7737027151624438,False,True,False,False,False,True,False,False,True,False,False,False,True,False,False,True,False,False,False,False,False,False
1.0,0.0,0.0,1,0.0,0.0,0.0,-1.2856825927612292,-0.7078061880233971,-0.7737027151624438,False,True,False,False,False,True,False,True,False,False,False,True,False,False,False,False,False,False,True,False,False,False
1.0,0.0,0.0,0,0.0,0.0,0.0,-1.196330134577051,-0.718054112828904,-0.7737027151624438,False,True,False,False,False,False,True,True,False,False,False,False,False,False,False,False,False,False,True,False,False,False
1.0,0.0,0.0,1,0.0,0.0,0.0,0.3226616545539768,-0.300203243339851,0.7307819805986877,False,False,True,False,False,True,False,True,False,False,False,True,False,False,False,False,False,False,False,True,False,False
1.0,0.0,0.0,1,0.0,0.0,0.0,-0.8389203018403386,-0.778219348783815,-0.7737027151624438,False,False,True,False,False,True,False,True,False,False,False,False,False,False,True,False,False,False,False,False,False,False
1.0,0.0,0.0,0,0.0,0.0,0.0,0.8587764036590454,0.13384595890629342,1.2322768791857315,False,True,False,False,False,True,False,False,False,False,False,False,False,False,False,False,False,False,False,True,False,False
1.0,0.0,0.0,1,0.0,0.0,0.0,-0.30280555273527,-0.6364012926043817,-0.2722078165754,False,False,False,True,True,False,False,True,False,False,False,False,False,False,False,False,False,False,False,True,False,False
0.352,0.4775939698111775,0.9358415530325215,0,0.4788152044369519,0.0,0.9987046620098639,-1.106977676392873,-0.3385503168056185,0.7307819805986877,False,False,True,False,False,False,True,True,False,False,False,True,False,False,False,False,False,False,True,False,False,False
1.0,0.0,0.0,1,0.0,0.0,0.0,2.288415734605895,-0.6340872450676543,-0.5229552658689219,False,False,True,False,False,True,False,False,False,False,True,False,True,False,False,False,False,False,False,False,True,False
0.645,0.478513322698543,0.9384543826025638,1,0.47268488446321194,0.0,0.9978460935077742,1.5735960691324702,1.4660761836221823,-0.7737027151624438,False,False,False,True,True,False,False,True,False,False,False,True,False,False,False,False,False,False,True,False,False,False
1.0,0.0,0.0,1,0.0,0.0,0.0,0.41201411273815486,0.05285429512083617,-0.2722078165754,True,False,False,False,False,True,False,True,False,False,False,False,True,False,True,False,False,False,False,False,False,False
0.653,0.4760157560417512,0.9313602262676112,1,0.46911725613112976,0.0,0.9972463244714398,-0.48151046910362616,-0.026815055786491175,0.22928708201164383,False,False,True,False,True,False,False,False,False,True,False,True,False,False,False,False,False,False,True,False,False,False
0.657,0.4747114913292073,0.9276606087330419,1,0.481148625686492,0.0,0.9989743634099038,1.3948911527641141,1.3490514939076848,-0.2722078165754,False,False,True,False,True,False,False,False,False,False,False,True,False,False,False,True,False,False,False,False,False,False
0.0,0.0,0.0,1,0.0,0.0,0.0,0.5907190291065111,0.681944646891143,1.2322768791857315,False,False,True,False,True,False,False,True,False,False,False,True,False,False,False,True,False,False,False,False,False,False
1.0,0.0,0.0,1,0.0,0.0,0.0,-0.12410063636691375,-0.48929398491242876,-0.2722078165754,False,False,True,False,False,True,False,True,False,False,False,False,False,False,True,False,False,False,False,False,False,False
1.0,0.0,0.0,0,0.0,0.0,0.0,0.054604280001442455,-0.3911122537112826,-0.7737027151624438,False,False,True,False,False,True,False,True,False,False,False,False,False,True,False,True,False,False,False,False,False,False
1.0,0.0,0.0,0,0.0,0.0,0.0,-0.8389203018403386,-0.22020331421299116,0.9815294298922096,False,False,True,False,False,True,False,True,False,False,False,False,False,False,True,False,False,False,False,False,False,False
1.0,0.0,0.0,1,0.0,0.0,0.0,-0.48151046910362616,-0.4995419097179356,0.7307819805986877,False,False,False,True,False,True,False,False,True,False,False,False,True,False,False,False,False,False,False,True,False,False
1.0,0.0,0.0,1,0.0,0.0,0.0,-1.3750350509454072,-0.6998723107546176,-1.0244501644559658,False,False,True,False,False,True,False,True,False,False,False,False,False,False,False,False,False,False,True,False,False,False
0.348,0.4763360158543546,0.932269191548067,1,0.4747114913292073,0.0,0.9981539805234565,-0.03474817818273565,1.1629359563108994,1.2322768791857315,False,False,False,True,False,False,True,True,False,False,False,False,True,False,False,True,False,False,False,False,False,False
0.362,0.48057881767718397,0.94433082595598,0,0.48057881767718397,0.0,0.99891140803853,-1.3750350509454072,-0.7101202355601245,-0.7737027151624438,False,False,True,False,False,False,True,True,False,False,False,True,False,False,False,False,False,False,True,False,False,False
1.0,0.0,0.0,1,0.0,0.0,0.0,2.199063276421717,-0.4621865709107655,0.22928708201164383,False,False,True,False,True,False,False,True,False,False,False,False,False,False,False,True,False,False,False,False,False,False
1.0,0.0,0.0,1,0.0,0.0,0.0,0.3226616545539768,-0.5111121474015723,-0.7737027151624438,False,False,False,True,False,True,False,True,False,False,False,False,False,False,False,True,False,False,False,False,False,False
1.0,0.0,0.0,0,0.0,0.0,0.0,1.9310059018691828,0.06343279814587549,0.7307819805986877,False,False,True,False,False,False,True,False,False,False,True,True,False,False,False,False,False,False,True,False,False,False
1.0,0.0,0.0,1,0.0,0.0,0.0,1.0374813200274016,-0.8172275786886475,-0.7737027151624438,False,True,False,False,False,True,False,True,False,False,False,False,True,False,False,True,False,False,False,False,False,False
1.0,0.0,0.0,1,0.0,0.0,0.0,0.23330919636979866,0.7540106987492233,1.2322768791857315,False,False,False,True,False,True,False,False,False,False,True,False,False,False,False,True,False,False,False,False,False,False
1.0,0.0,0.0,1,0.0,0.0,0.0,-0.3921580109194481,0.063102219926343,0.22928708201164383,False,False,True,False,False,True,False,False,True,False,False,False,False,False,False,False,False,False,False,True,False,False
0.368,0.4822613399392491,0.9491240519851774,1,0.478513322698543,0.0,0.9986674705841264,-1.106977676392873,0.22475496927772504,0.22928708201164383,False,False,True,False,False,False,True,True,False,False,False,True,False,False,False,False,False,False,True,False,False,False
1.0,0.0,0.0,0,0.0,0.0,0.0,-0.7495678436561605,-0.16532732977059972,-0.7737027151624438,False,False,True,False,False,True,False,True,False,False,False,False,True,False,False,False,False,False,False,True,False,False
1.0,0.0,0.0,0,0.0,0.0,0.0,-1.106977676392873,-0.6387153401411091,-0.7737027151624438,False,False,True,False,False,True,False,True,False,False,False,True,False,False,False,False,False,False,False,True,False,False
1.0,0.0,0.0,1,0.0,0.0,0.0,-0.12410063636691375,-0.2816908630460322,0.22928708201164383,False,False,True,False,False,True,False,False,False,False,True,False,False,False,False,False,False,False,False,True,False,False
1.0,0.0,0.0,1,0.0,0.0,0.0,0.41201411273815486,-0.684996290875656,0.22928708201164383,False,False,False,True,False,True,False,False,False,False,False,True,False,False,False,False,False,False,False,False,False,True
0.376,0.48438001610305936,0.9551678918612524,1,0.474045356479736,0.0,0.9980554018075578,-0.30280555273527,-0.38251722000343813,1.2322768791857315,False,False,True,False,False,True,False,True,False,False,False,False,True,False,False,False,False,True,False,False,False,False
1.0,0.0,0.0,1,0.0,0.0,0.0,1.2161862363957578,-0.10119515518129886,-0.7737027151624438,False,True,False,False,False,True,False,True,False,False,False,False,True,False,False,True,False,False,False,False,False,False
1.0,0.0,0.0,0,0.0,0.0,0.0,-0.9282727600245168,-0.15243477920883305,-0.7737027151624438,False,False,True,False,False,False,True,True,False,False,False,False,True,False,False,False,False,False,True,False,False,False
1.0,0.0,0.0,0,0.0,0.0,0.0,1.7523009855008265,-0.6631781283865125,-0.7737027151624438,False,False,False,True,False,True,False,False,False,False,False,False,False,True,False,False,False,False,True,False,False,False
1.0,0.0,0.0,1,0.0,0.0,0.0,-0.03474817818273565,-0.2512776668490441,0.22928708201164383,False,False,False,True,False,True,False,True,False,False,False,False,False,False,False,True,False,False,False,False,False,False
1.0,0.0,0.0,1,0.0,0.0,0.0,-1.196330134577051,-0.6453269045317587,-1.0244501644559658,False,False,True,False,False,True,False,True,False,False,False,False,False,False,False,False,False,False,False,True,False,False
1.0,0.0,0.0,1,0.0,0.0,0.0,0.23330919636979866,-0.06648444213038861,-0.2722078165754,False,False,False,True,False,True,False,False,False,False,False,False,False,False,False,True,False,False,False,False,False,False
0.368,0.4822613399392491,0.9491240519851774,0,0.46948482403587877,0.0,0.9973115236927081,2.109710818237539,0.9870683435196207,2.235266676359819,False,False,True,False,False,False,True,True,False,False,False,False,True,False,True,False,False,False,False,False,False,False
0.638,0.48057881767718397,0.94433082595598,1,0.47790270976423643,0.0,0.9985906332007242,1.3055386945799359,0.6158290029846473,0.48003453130516577,False,False,True,False,False,True,False,True,False,False,False,True,False,False,True,False,False,False,False,False,False,False
0.336,0.47233886141201636,0.9209394481940656,1,0.4756931784249171,0.0,0.9982945771826004,-1.196330134577051,0.132854224247696,0.7307819805986877,False,False,True,False,False,True,False,True,False,False,False,False,True,False,False,False,False,False,True,False,False,False
0.347,0.4760157560417512,0.9313602262676112,1,0.48170945600019105,0.0,0.9990344946577416,-0.6602153854719823,0.6416141041081805,1.2322768791857315,False,False,True,False,False,True,False,True,False,False,False,True,False,False,False,False,False,False,True,False,False,False
1.0,0.0,0.0,1,0.0,0.0,0.0,0.14395673818562058,-0.6896243859491108,0.22928708201164383,False,True,False,False,False,True,False,False,False,False,False,False,False,True,False,True,False,False,False,False,False,False
1.0,0.0,0.0,1,0.0,0.0,0.0,0.054604280001442455,0.2022756503495165,1.7337717777727755,False,False,True,False,False,True,False,False,False,True,False,False,False,False,False,False,False,False,True,False,False,False
1.0,0.0,0.0,0,0.0,0.0,0.0,-0.9282727600245168,0.026077459338705405,-0.2722078165754,False,False,True,False,False,True,False,True,False,False,False,True,False,False,False,False,False,False,False,True,False,False
1.0,0.0,0.0,1,0.0,0.0,0.0,0.054604280001442455,-0.35375691490411254,-0.5229552658689219,False,False,True,False,False,True,False,False,False,True,False,False,False,True,False,True,False,False,False,False,False,False
1.0,0.0,0.0,1,0.0,0.0,0.0,-0.9282727600245168,-0.07177369364290827,-0.2722078165754,False,False,True,False,False,False,True,False,False,True,False,False,True,False,False,False,False,False,False,True,False,False
1.0,0.0,0.0,1,0.0,0.0,0.0,1.0374813200274016,-0.7342524455859955,-1.2751976137494878,False,False,False,True,False,True,False,True,False,False,False,False,True,False,False,True,False,False,False,False,False,False
0.0,0.0,0.0,0,0.0,0.0,0.0,-0.03474817818273565,-0.7378888060008527,-1.2751976137494878,False,False,True,False,True,False,False,True,False,False,False,True,False,False,False,False,False,True,False,False,False,False
1.0,0.0,0.0,1,0.0,0.0,0.0,1.0374813200274016,-0.4780543254483245,-0.2722078165754,False,False,True,False,True,False,False,True,False,False,False,False,False,False,False,False,False,False,True,False,False,False
1.0,0.0,0.0,1,0.0,0.0,0.0,0.5013665709223329,-0.3064842295109681,0.7307819805986877,False,False,True,False,False,True,False,False,True,False,False,False,True,False,True,False,False,False,False,False,False,False
1.0,0.0,0.0,1,0.0,0.0,0.0,-0.9282727600245168,0.6878950548427276,0.22928708201164383,False,False,True,False,False,True,False,False,True,False,False,False,False,False,False,False,False,False,True,False,False,False
1.0,0.0,0.0,0,0.0,0.0,0.0,-1.017625218208695,-0.7279714594148783,-0.7737027151624438,False,True,False,False,False,True,False,True,False,False,False,True,False,False,False,True,False,False,False,False,False,False
1.0,0.0,0.0,1,0.0,0.0,0.0,2.5564731091584294,0.132854224247696,-1.0244501644559658,False,True,False,False,False,True,False,False,False,False,False,False,False,False,False,False,False,True,False,False,False,False
